Incubation_Center,Name_of_startup,Location of company,Sector,City,State
ABES Ghaziabad,Suryansh,New Delhi,EdTech,New Delhi,
AIC Banasthali Vidyapith Foundation,Thinkpods Education Services Private Limited (previously That Mate),"Satara, Maharashtra",Ed Tech,Satara,Maharashtra
AIC Banasthali Vidyapith Foundation,Inventiway Solutions Pvt.Ltd.,"Mumbai, Maharashtra",HR Tech,Mumbai,Maharashtra
AIC Banasthali Vidyapith Foundation,C2M Internet India Pvt. Ltd.,"Lucknow, Uttar Pradesh",Retail Tech,Lucknow,Uttar Pradesh
AIC Pinnacle Entrepreneurship Forum,Wastinno,"Pune, Maharashtra",agriculture,Pune,Maharashtra
AIC Pinnacle Entrepreneurship Forum,Diabetico - Rise and Move,"Pune, Maharashtra",Healthcare,Pune,Maharashtra
AIC Pinnacle Entrepreneurship Forum,3DGuru Innovations,"Pune, Maharashtra",EduTech,Pune,Maharashtra
AIC Pinnacle Entrepreneurship Forum,Gupte Education,"Pune, Maharashtra","Ed Tech, Defence",Pune,Maharashtra
AIC Pinnacle Entrepreneurship Forum,Eldew Digital Pvt Ltd,"Pune, Maharashtra","IT, Virtual Events",Pune,Maharashtra
AIC Pinnacle Entrepreneurship Forum,Secumatic Technologies LLP,"Pune, Maharashtra",Defense,Pune,Maharashtra
AIC Pinnacle Entrepreneurship Forum,Catalystgreen Private Limited,"Pune, Maharashtra",E-Mobility,Pune,Maharashtra
AIC Pinnacle Entrepreneurship Forum,Dynateq Consulting Pvt.Ltd.,"Pune, Maharashtra",Industril Automation,Pune,Maharashtra
AIC@36Inc,TECHB,Bhilai,3d printer and cnc manufacturing,Bhilai,Chhattisgarh
AIC@36Inc,Acculegal Services Private Limited,Raipur,"Finance, Legal , consultancy, accounting",Raipur,Chhattisgarh
AIC@36Inc,Bastar Se Bazar Tak Private Limited,Uttar Bastar,Agri-business,Uttar Bastar,
AIC@36Inc,Coshal Art,Raipur,Handicraft,Raipur,Chhattisgarh
AIC@36Inc,Jivandeep,Raipur,Healthcare,Raipur,Chhattisgarh
AIC@36Inc,Binomial Analytics,Raipur,IT and Technology Innovation,Raipur,Chhattisgarh
AIC@36Inc,Rawfit,Raipur,Heathcare & Wellness,Raipur,Chhattisgarh
AIC@36Inc,WedNicely,Raipur,eInvitations & Wedding Technology,Raipur,Chhattisgarh
Amity Technology Incubator,Plabs Solutions Pvt. Ltd.,"Ghaziabad, Uttar Pradesh",Healthtech,Ghaziabad,Uttar Pradesh
Amity University Haryana,nanoLatticeX,"Gurugram, Haryana",nanotechnology,Gurugram,Haryana
Amity University Haryana,NanoMask (It is our first product. Actual startup name to be revealed soon after trademark registration),"Gurugram, Haryana",Face Mask,Gurugram,Haryana
Atal Incubation Centre ALEAP We Hub,Neoinventronix Pvt Ltd,"Hyderabad, Telangana",ICT Electronics,Hyderabad,Telangana
Atal Incubation Centre ALEAP We Hub,Binford Research Lab Pvt Ltd,"Hyderabad, Telangana",ICT Electronics,Hyderabad,Telangana
Atal Incubation Centre ALEAP We Hub,Nimaya Robotics Pvt Ltd,"Chennai, Tamilnadu",ICT Electronics,Chennai,Tamilnadu
Atal Incubation Centre ALEAP We Hub,Rmatics Solutions LLP,"Hyderabad, Telangana",ICT Electronics,Hyderabad,Telangana
Atal Incubation Centre ALEAP We Hub,Eurth Techtronics Private Limited,"Vijayawada, Andhra Pradesh",ICT Electronics,Vijayawada,Andhra Pradesh
BEA,Ozzie Technologies,"Kolkata, West Bengal",Information Technologies,Kolkata,West Bengal
Bio-incubator at Centre for Cellular and Molecular Platforms (C-CAMP),Predible Health Pvt Ltd,"Bengaluru, Karnataka",Healthcare,Bengaluru,Karnataka
Bio-incubator at Centre for Cellular and Molecular Platforms (C-CAMP),Personal Air Quality Systems Private Limited,"Bengaluru, Karnataka","Product designer & Entrepreneur, Innovator, Technologist, Air Quality solutions",Bengaluru,Karnataka
Bio-incubator at Centre for Cellular and Molecular Platforms (C-CAMP),Salcit Technologies Private Limited,"Hyderabad, Telangana",Digital Health,Hyderabad,Telangana
Bio-incubator at Centre for Cellular and Molecular Platforms (C-CAMP),AgSmartic Technologies Pvt Ltd,New Delhi,Agritech,New Delhi,
Bio-incubator at Centre for Cellular and Molecular Platforms (C-CAMP),Aikenist Technologies Pvt Ltd,"Bengaluru, Karnataka",Digital Health,Bengaluru,Karnataka
Bio-incubator at Centre for Cellular and Molecular Platforms (C-CAMP),ARQ Solution LLP,"Mumbai, Maharashtra",Healthcare,Mumbai,Maharashtra
Bio-incubator at Centre for Cellular and Molecular Platforms (C-CAMP),Xensible Innovation Lab Pvt. Ltd.,"Bengaluru, Karnataka",Digital Health,Bengaluru,Karnataka
Bio-incubator at Centre for Cellular and Molecular Platforms (C-CAMP),Sensai Healthcare Private Limited,"Bengaluru, Karnataka",Digital Health,Bengaluru,Karnataka
Centre for Innovation and Entrepreneurshp Development at IIIT Sri City (CIEDI),Rekindle Automations Pvt Ltd,"Chennai, Tamilnadu",Healthcare,Chennai,Tamilnadu
Centre for Innovation and Entrepreneurshp Development at IIIT Sri City (CIEDI),Hivericks Technologies Pvt Ltd,"Chennai, Tamilnadu",Clean Tech,Chennai,Tamilnadu
Centre for Innovation and Entrepreneurshp Development at IIIT Sri City (CIEDI),MedCuore Medical Solutions Pvt Ltd,"Chennai, Tamilnadu",Retail CRM,Chennai,Tamilnadu
Centre for Innovation and Entrepreneurshp Development at IIIT Sri City (CIEDI),MedCuore Medical Solutions Pvt Ltd,"Chennai, Tamilnadu",Healthcare,Chennai,Tamilnadu
Centre for Innovation and Entrepreneurshp Development at IIIT Sri City (CIEDI),Nandha Infotech,"Coimbatore, Tamil Nadu",Agriculture,Coimbatore,Tamil Nadu
Chitkara innovation Incubator Foundation,Xovian Aerospace Pvt Ltd,"Bengaluru, Karnataka",Aerospace and defence,Bengaluru,Karnataka
Chitkara innovation Incubator Foundation,Dagriation Solutions Pvt Limited,Karnal,IT & Electronics,Karnal,
Chitkara innovation Incubator Foundation,Murph Technologies Pvt Limited,Chandigarh,IOT,Chandigarh,Haryana
Chitkara innovation Incubator Foundation,6DOF Solutions LLP,Chandigarh,AR/VR,Chandigarh,Haryana
Chitkara innovation Incubator Foundation,Hackspace Security Services LLP,"Delhi, Delhi",Healthcare,Delhi,Delhi
Chitkara innovation Incubator Foundation,Sustainergic Tech Pvt. Ltd.,Chandigarh,IOT,Chandigarh,Haryana
CIIE Initiatives,GalaxEye,"Chennai, Tamilnadu",Smart infrastructure,Chennai,Tamilnadu
CIIE Initiatives,Extrawatts Renewables Pvt Ltd.,New Delhi,Cleantech and Environment,New Delhi,
CIIE Initiatives,Urban Air Labs,"Delhi, Delhi",Clean tech,Delhi,Delhi
CIIE Initiatives,Nunam Technology India Private Limited,"Bengaluru, Karnataka",Cleantech,Bengaluru,Karnataka
CIIE Initiatives,Kidaura,"Nashik , Maharashtra",Healthcare,Nashik,Maharashtra
CIIE Initiatives,Aiborne Tech,"Delhi, Delhi",Skilling & Edtech,Delhi,Delhi
CIIE Initiatives,Pacify Medical,"Mumbai, Maharashtra",Healthcare,Mumbai,Maharashtra
CIIE Initiatives,Evoluto,"Bengaluru, Karnataka",Healthcare,Bengaluru,Karnataka
CIIE Initiatives,Redicine Medsol,"Ahmedabad, Gujarat",Healthcare,Ahmedabad,Gujarat
CIIE Initiatives,Minocular,Raipur,Smart infrastructure / Mining,Raipur,Chhattisgarh
CIIE Initiatives,Godaam Innovations Pvt. Ltd.,"Nashik , Maharashtra",Agritech,Nashik,Maharashtra
CIIE Initiatives,Articulus Surgical,"Bengaluru, Karnataka",Healthcare,Bengaluru,Karnataka
CTIE,Encephalon Solutions,"Hubli, Karnataka",Medical,Hubli,Karnataka
DERBI Foundation,Backyard Creators Pvt Ltd,Madhurai,Healthcare,Madhurai,
DERBI Foundation,Machphy Solutions,Bhubaneswar,Healthcare,Bhubaneswar,Odisha
DERBI Foundation,Fititout Solutions,"Chennai, Tamilnadu",Healthcare,Chennai,Tamilnadu
DERBI Foundation,Carbon Hubs Private Limited,"Bengaluru, Karnataka",Clean and Health Tech,Bengaluru,Karnataka
DERBI Foundation,Prayasta 3D Inventions Private Limited,"Bengaluru, Karnataka",Healthcare,Bengaluru,Karnataka
DERBI Foundation,Acculi Labs Pvt Ltd.,"Bengaluru, Karnataka",Healthcare,Bengaluru,Karnataka
DERBI Foundation,Hinnts Consultancy Services Private Limited,"Bengaluru, Karnataka",Healthcare,Bengaluru,Karnataka
FIRST SIIC IIT Kanpur,WeRehab Technologies Pvt. Ltd.,"Kanpur, Uttar Pradesh",Health Tech,Kanpur,Uttar Pradesh
FIRST SIIC IIT Kanpur,Campus Haat Solutions Pvt Ltd,"Kanpur, Uttar Pradesh",Social Commerce,Kanpur,Uttar Pradesh
"FITT, IIT Delhi",Dweepi Innovations Pvt Ltd,Visakhapatnam,"Railways, transportation",Visakhapatnam,Andhra Pradesh
"FITT, IIT Delhi",Trydan Motors Private Limited,New Delhi,E-mobility,New Delhi,
"FITT, IIT Delhi",Let's Farm (Shvaas Sustainable Solutions Private Limited),"Jaipur, Rajasthan",Agri-Tech,Jaipur,Rajasthan
"FITT, IIT Delhi",Ambrosius Tech Pvt. Ltd.,"Satara, Maharashtra",EdTech,Satara,Maharashtra
"FITT, IIT Delhi",Materate Education Pvt Ltd,New Delhi,Education,New Delhi,
"FITT, IIT Delhi",Neem Tree Agro Solutions Private Limited,"Delhi, Delhi",AgriTech,Delhi,Delhi
"FITT, IIT Delhi",MeuKron Technologies,"Belagavi, Karnataka",Healthcare,Belagavi,Karnataka
"FITT, IIT Delhi",NextLeap Aeronautics Pvt Ltd,"Bengaluru, Karnataka","Aerospace, UAV, Drones, Defence",Bengaluru,Karnataka
"FITT, IIT Delhi",Andromeida Maritime Solutions Pt. Ltd.,"Gurugram, Haryana",Robotics,Gurugram,Haryana
"FITT, IIT Delhi",Ominar Innovations,"Pune, Maharashtra",Digital Health helathcare,Pune,Maharashtra
Forge (Coimbatore Innovation and Business Incubator),BigDipper Exploration Technologies,"Delhi, Delhi",Space Tech,Delhi,Delhi
Forge (Coimbatore Innovation and Business Incubator),Abhaya Information Technology,"Mumbai, Maharashtra",Digital Health Tech,Mumbai,Maharashtra
Forge (Coimbatore Innovation and Business Incubator),TestedOK Technologies,"Coimbatore, Tamil Nadu",Industrial Digital Transformation,Coimbatore,Tamil Nadu
Forge (Coimbatore Innovation and Business Incubator),PQSI Digital,"Chennai, Tamilnadu",Industry Digital Transformation (Manufacturing Industries),Chennai,Tamilnadu
Forge (Coimbatore Innovation and Business Incubator),Torus Robotics Pvt Ltd,"Chennai, Tamilnadu",Future Mobility,Chennai,Tamilnadu
Forge (Coimbatore Innovation and Business Incubator),ExactSpace Technologies,"Bengaluru, Karnataka","Industrial Digital Transformation (Energy Sector, Process Industries)",Bengaluru,Karnataka
Forge (Coimbatore Innovation and Business Incubator),Aindra Systems,"Bengaluru, Karnataka",Digital Health Tech,Bengaluru,Karnataka
Forge (Coimbatore Innovation and Business Incubator),Blackfrog Technologies,"Manipal, Karnataka",Digital Health Tech,Manipal,Karnataka
Foundation for Technology and Business Incubation (FTBI) NIT Rourkela,Yarev Technology Pvt. Ltd.,Rourkela,IoT,Rourkela,Odisha
Foundation for Technology and Business Incubation (FTBI) NIT Rourkela,Clavictor Academy Private Limited,Rourkela,Education Technology,Rourkela,Odisha
Foundation for Technology and Business Incubation (FTBI) NIT Rourkela,Coratia Technologies,Rourkela,Robotics,Rourkela,Odisha
Foundation for Technology and Business Incubation (FTBI) NIT Rourkela,Quidle Enterprise,Rourkela,IoT and consumer products,Rourkela,Odisha
Grameena Incubation Center,Transity,"Chennai, Tamilnadu",Agri-Supply Chain,Chennai,Tamilnadu
Grameena Incubation Center,TraceX,"Bengaluru, Karnataka",Block chain,Bengaluru,Karnataka
Grameena Incubation Center,"""Temperate Technologies""","Hyderabad, Telangana",Cold Storage Solutions,Hyderabad,Telangana
Gujarat University Startup and Entrepreneurship Council (GUSEC),Multplyr,"Ahmedabad, Gujarat",Enterprise Solution,Ahmedabad,Gujarat
Gujarat University Startup and Entrepreneurship Council (GUSEC),Quixote Automotive Technologies Pvt Ltd,"Ahmedabad, Gujarat",AI/ML,Ahmedabad,Gujarat
Gujarat University Startup and Entrepreneurship Council (GUSEC),Plutomen Technologies Pvt Ltd,"Ahmedabad, Gujarat",VR/AR/MR/XR,Ahmedabad,Gujarat
Gujarat University Startup and Entrepreneurship Council (GUSEC),IEIDidactics LLP,Vadodara,Education,Vadodara,Gujarat
Gujarat University Startup and Entrepreneurship Council (GUSEC),UrbanKHET,"Ahmedabad, Gujarat",Agriculture,Ahmedabad,Gujarat
Gujarat University Startup and Entrepreneurship Council (GUSEC),E-Vega Mobility Labs,"Ahmedabad, Gujarat",Clean Energy,Ahmedabad,Gujarat
Gujarat University Startup and Entrepreneurship Council (GUSEC),microfinance.ai - Uthaan Technologies Pvt Ltd,"Delhi, Delhi",Financial Inclusion,Delhi,Delhi
Gujarat University Startup and Entrepreneurship Council (GUSEC),Waste Tracker - Towaso Pvt ltd,Jamshedpur,Environment,Jamshedpur,Jharkhand
IIIT B Innovation Centre,DeepVisionTech Pvt. Ltd.,"Bengaluru, Karnataka","Multiple (Assistive Tech) - Education, B2C, B2B, B2G",Bengaluru,Karnataka
IIIT B Innovation Centre,Breezy,"Bengaluru, Karnataka","Environment, Technology",Bengaluru,Karnataka
IIIT B Innovation Centre,HAVELI UAVs,"Bengaluru, Karnataka","Skill Development, Agri-Tech, Drones",Bengaluru,Karnataka
IIITD Innovation & Incubation Center,Tweek Labs Pvt Ltd,New Delhi,AI & IOT,New Delhi,
IIITD Innovation & Incubation Center,Shasmith Technologies Pvt Ltd,New Delhi,Health Technology,New Delhi,
IIITD Innovation & Incubation Center,Eleqtrasoft Education Pvt Ltd,New Delhi,Education Technology,New Delhi,
IIITD Innovation & Incubation Center,Fin Lit Project Services Pvt Ltd,"Lucknow, Uttar Pradesh",Education Technology,Lucknow,Uttar Pradesh
IIITD Innovation & Incubation Center,ShikshAI Pvt Ltd,"Kolkata, West Bengal",Education Technology,Kolkata,West Bengal
IIITD Innovation & Incubation Center,Swapeco Solutions Pvt Ltd,New Delhi,Waste Management,New Delhi,
IIITD Innovation & Incubation Center,Embedsense Solutions Pvt Ltd,"Bengaluru, Karnataka",Manufacturing IOT Sensors,Bengaluru,Karnataka
IIM Udaipur Incubation Centre,Yobny Technology Solution Pvt Ltd,"Bengaluru, Karnataka",multi-sector (B2B SaaS),Bengaluru,Karnataka
IIM Udaipur Incubation Centre,Statlogic India Pvt Ltd,"Bengaluru, Karnataka",Agritech,Bengaluru,Karnataka
IIM Udaipur Incubation Centre,Arktane Technologies Private Limited,"Noida, Uttar Pradesh",Aviation,Noida,Uttar Pradesh
IIT Kanpur,Arthavedika Tech Pvt Ltd,"Noida, Uttar Pradesh",Fintech,Noida,Uttar Pradesh
IIT Mandi Catalyst,Datalytics Technologies Private Limited,"Nagpur, Maharashtra",Business Intellegence Tool,Nagpur,Maharashtra
IIT Mandi Catalyst,Elight SPM OPC Pvt Ltd.,New Delhi,Dronetech,New Delhi,
IIT Mandi Catalyst,DatumM Tech-Solutions,"Kangra, HP",Medical Devices,Kangra,HP
IIT Mandi Catalyst,IntelVib,"DIAT,Pune",Manufacturing,DIAT,Pune
IIT Mandi Catalyst,Farm Intelligent Systems,"Pune, Maharashtra","Agri Tech, Robotics,",Pune,Maharashtra
IIT Mandi Catalyst,Coding Made Easy,Warangal,Information Technology,Warangal,Telangana
IIT Mandi Catalyst,ECOC,Warangal,Electric Bicycles,Warangal,Telangana
IITM Incubation Cell,ISMO Biophotonics Private Limited,"Chennai, Tamilnadu",Biotech/ Bio-informatics,Chennai,Tamilnadu
IITM Incubation Cell,C3 Medtech Private Limited,"Chennai, Tamilnadu",Healthcare,Chennai,Tamilnadu
IITM Incubation Cell,Dextroware Devices Private Limited,"Chennai, Tamilnadu",Healthcare,Chennai,Tamilnadu
IITM Incubation Cell,InuAid Solutions Private Limited,"Chennai, Tamilnadu",Artificial Intelligence / Machine Learning / IOT / Cloud,Chennai,Tamilnadu
IITM Incubation Cell,Revoh Innovations Private limited,"Chennai, Tamilnadu",Infra and Transportation,Chennai,Tamilnadu
IITM Incubation Cell,Good Move Logistics & Transport Private limited,"Chennai, Tamilnadu",Logistics,Chennai,Tamilnadu
INurture Incubation Foundation,Hawaiadda Aerial Innovations Private Limited,"Ghaziabad, Uttar Pradesh",Aerospace & Defence,Ghaziabad,Uttar Pradesh
JECRC Incubation Centre,Botnomics Techrola India Pvt. Ltd.,"Hyderabad, Telangana",Information Technology,Hyderabad,Telangana
JECRC Incubation Centre,Aloe Ecell Pvt. Ltd.,"Lucknow, Uttar Pradesh",Energy,Lucknow,Uttar Pradesh
JECRC Incubation Centre,Dexterio,"Jaipur, Rajasthan",ICT,Jaipur,Rajasthan
JECRC Incubation Centre,Retail Setu,Singrauli (MP),Ecommerce,Singrauli (MP),
JECRC Incubation Centre,Show-U,Udaipur,ICT,Udaipur,Rajasthan
JECRC Incubation Centre,Repobuild IT Solutions Pvt. Ltd.,"Jaipur, Rajasthan",HR,Jaipur,Rajasthan
JECRC Incubation Centre,ED Apply Pvt. Ltd.,"Jaipur, Rajasthan",EdTech,Jaipur,Rajasthan
JECRC Incubation Centre,Puaerte Visual,"Jaipur, Rajasthan",Design Tech,Jaipur,Rajasthan
KLE CTIE,Astr Tactical Private Limited,"Hubli, Karnataka",Tactical Products,Hubli,Karnataka
"Koneru Lakshmaiah Technology Incubators Foundation (KLTIF) - Center for Innovation,Incubation & Entrepreneurship (CIIE)",MILATRONICS PRIVATE LIMITED,"MUDAVADIBBA,Andhra Pradesh",AGRICULTURE,MUDAVADIBBA,Andhra Pradesh
"Koneru Lakshmaiah Technology Incubators Foundation (KLTIF) - Center for Innovation,Incubation & Entrepreneurship (CIIE)",Uplink-Automation Private Limited,"Vijayawada, Andhra Pradesh",IoT- manufacturing & consumer electronics,Vijayawada,Andhra Pradesh
"Koneru Lakshmaiah Technology Incubators Foundation (KLTIF) - Center for Innovation,Incubation & Entrepreneurship (CIIE)",Seeram Innovations Pvt. Ltd.,"Tadepalli, Andhra Pradesh",Manufacturing,Tadepalli,Andhra Pradesh
"Koneru Lakshmaiah Technology Incubators Foundation (KLTIF) - Center for Innovation,Incubation & Entrepreneurship (CIIE)",CHEMSENS Technologies private limited,"Vijayawada, Andhra Pradesh",Healthcare,Vijayawada,Andhra Pradesh
Krishna Path Incubation Society- TBI KIET,Quest educational technologies LLP,"Ghaziabad, Uttar Pradesh",Edutech,Ghaziabad,Uttar Pradesh
Krishna Path Incubation Society- TBI KIET,MOTS Private Limited,"Fatehpur, Uttar Pradesh",Travel,Fatehpur,Uttar Pradesh
Krishna Path Incubation Society- TBI KIET,FARMOCONNECT LLP TECHNOLOGIES,"Ghaziabad, Uttar Pradesh",Agritech,Ghaziabad,Uttar Pradesh
Krishna Path Incubation Society- TBI KIET,ANI SCRAP PVT LTD,"Ghaziabad, Uttar Pradesh",WASTE MANAGEMENT,Ghaziabad,Uttar Pradesh
Krishna Path Incubation Society- TBI KIET,Dineo,"Jaipur, Rajasthan",IT,Jaipur,Rajasthan
Krishna Path Incubation Society- TBI KIET,Bhurak Technologies Pvt. Ltd.,"Saharanpur, Uttar Pradesh",A.I. (Computer Vision),Saharanpur,Uttar Pradesh
"NSRCEL, IIM Bangalore",MedPiper Technologies Pvt Ltd,"Bengaluru, Karnataka",Healthtech,Bengaluru,Karnataka
"NSRCEL, IIM Bangalore",(Solvio) Curious Bee Innovations Private Limited,"Bengaluru, Karnataka",Education Technology,Bengaluru,Karnataka
Pilani Innovation and Entrepreneurship Development Centre,Nawgati,"Gurugram, Haryana",Mobility,Gurugram,Haryana
Pilani Innovation and Entrepreneurship Development Centre,Adnue,Jodhpur,Advertising Technology,Jodhpur,Rajasthan
Pilani Innovation and Entrepreneurship Development Centre,Medsupervision,Faridabad,Healthcare,Faridabad,Haryana
Pilani Innovation and Entrepreneurship Development Centre,Nirogyan,New Delhi,Healthcare,New Delhi,
Pilani Innovation and Entrepreneurship Development Centre,Valerio Electric,New Delhi,Electric Vechiles,New Delhi,
Pilani Innovation and Entrepreneurship Development Centre,Syzygy,"Jaipur, Rajasthan",Healthcare,Jaipur,Rajasthan
Pilani Innovation and Entrepreneurship Development Centre,Urbantrack,Pilani,Urban Transportation,Pilani,
Pilani Innovation and Entrepreneurship Development Centre,Greynight,"Bengaluru, Karnataka",Space Tech,Bengaluru,Karnataka
Pilani Innovation and Entrepreneurship Development Centre,Finquant,Hazartganj,MicroFinance,Hazartganj,
PSG - Science and Technology Entrepreneurial Park (PSG - STEP),Dot World Technologies,"Coimbatore, Tamil Nadu",Robotics / Automation,Coimbatore,Tamil Nadu
PSG - Science and Technology Entrepreneurial Park (PSG - STEP),Agna Inc,"Coimbatore, Tamil Nadu",Bio Medical,Coimbatore,Tamil Nadu
PSG - Science and Technology Entrepreneurial Park (PSG - STEP),Embedded Shastra Solutions,"Coimbatore, Tamil Nadu",Edutech /,Coimbatore,Tamil Nadu
PSG - Science and Technology Entrepreneurial Park (PSG - STEP),Mechcreatio Industrial Solutions,"Coimbatore, Tamil Nadu",Agritech,Coimbatore,Tamil Nadu
PSG - Science and Technology Entrepreneurial Park (PSG - STEP),Switch Mobility Private Limited,"Bengaluru, Karnataka",Electronics,Bengaluru,Karnataka
Sandip Incubation Centre Nashik,Duende Ingenious LLP,"Nashik , Maharashtra",Rural Development,Nashik,Maharashtra
Sandip Incubation Centre Nashik,Management Forum,"Nashik , Maharashtra",Infotech,Nashik,Maharashtra
Sandip Incubation Centre Nashik,Payveb Resources Pvt.Ltd,"Nashik , Maharashtra","IT, IoT, Retail, eCommerce & Fintech",Nashik,Maharashtra
Sandip Incubation Centre Nashik,Drishte,"Hyderabad, Telangana",Ai,Hyderabad,Telangana
"SIIC, IIT Kanpur",PATS Literary Solutions (P) Ltd,"Kanpur, Uttar Pradesh","Education, Media & Entertainment",Kanpur,Uttar Pradesh
SIIC,Hacklab Solutions Private Limited,"Bengaluru, Karnataka",Industrial Automation,Bengaluru,Karnataka
SIIC,Airth Research Private Limited,"Delhi, Delhi",Healthcare,Delhi,Delhi
"SIIC, IIT Kanpur",E-Trainer Analytics Wizard Pvt ltd,New Delhi,Fit-Tech,New Delhi,
"SIIC, IIT Kanpur",Invariance Automation Private Limited,"Kanpur, Uttar Pradesh",Industrial Automation,Kanpur,Uttar Pradesh
"SIIC, IIT Kanpur",Neoperk Technologies Pvt. Ltd.,"Mumbai, Maharashtra",Agri-Tech - Soil Testing,Mumbai,Maharashtra
"SIIC, IIT Kanpur",WeRehab Technologies Pvt Ltd,"Nagpur, Maharashtra",Health tech,Nagpur,Maharashtra
"SIIC, IIT Kanpur",Life and Limb (P) Ltd,"Kanpur, Uttar Pradesh",Health-Tech,Kanpur,Uttar Pradesh
"SIIC, IIT Kanpur",Offgrid EnergyLabs,"Kanpur, Uttar Pradesh",Clean Energy,Kanpur,Uttar Pradesh
"SIIC, IIT Kanpur",?GeoWiz Consultancy Pvt. Ltd,"Kanpur, Uttar Pradesh",Geospatial data services,Kanpur,Uttar Pradesh
"SIIC, IIT Kanpur",E-Trainer Analytics Wizard Pvt. Ltd (Fitbuddy),New Delhi,Fit-Tech,New Delhi,
"SIIC, IIT Kanpur",Reolo Holographics Pvt LTD,"Ahmedabad, Gujarat",AR/VR,Ahmedabad,Gujarat
"SIIC, IIT Kanpur",WUS ( Product of Pradivya Software Pvt Ltd),"Panchkula, Haryana, India,","""Low Income Workers"" Empowerment",Panchkula,"Haryana, India,"
"SIIC, IIT Kanpur",Cycle spirit Pvt Ltd,"Kanpur, Uttar Pradesh",Electric vehicles,Kanpur,Uttar Pradesh
"SIIC, IIT Kanpur",ClaitoVision Tecnologies Pvt Ltd,"Thane, Maharashtra",Health and FItness,Thane,Maharashtra
"SIIC, IIT Kanpur",WeRehab Technologies Pvt Ltd,"Kanpur, Uttar Pradesh",Healthtech,Kanpur,Uttar Pradesh
"SIIC, IIT Kanpur",CASHYEAR,"Lucknow, Uttar Pradesh",FINTECH,Lucknow,Uttar Pradesh
"SIIC, IIT Kanpur",InvoViron Industries Trading Pvt Ltd,"Kanpur, Uttar Pradesh",Waste to Value (Bioplastics and Polymer Recycling),Kanpur,Uttar Pradesh
"SIIC, IIT Kanpur",HINDONICS TECHNOLOGIES PRIVATE LIMTIED,Gorakhpur,Hardware Technology,Gorakhpur,
Society for Innovation and Entrepreneurship (SINE) IIT Bombay,Ixar Robotic Solution,"Mumbai, Maharashtra",Under water vehcle,Mumbai,Maharashtra
Society for Innovation and Entrepreneurship (SINE) IIT Bombay,Micob Private Limited,Gandhinagar,Construction,Gandhinagar,
Society for Innovation and Entrepreneurship (SINE) IIT Bombay,Udayan Ecotech Pvt Ltd.,"Pune, Maharashtra",EV,Pune,Maharashtra
Society for Innovation and Entrepreneurship (SINE) IIT Bombay,Incorporation yet to be done,,EduTech,,
Society for Innovation and Entrepreneurship (SINE) IIT Bombay,Bramhansh Technologies Pvt Ltd,Chattisgarh,Healthcare,Chattisgarh,
Society for Innovation and Entrepreneurship (SINE) IIT Bombay,Clairvoyance Mindware Pvt Ltd,"Pune, Maharashtra",Healthcare,Pune,Maharashtra
Society for Innovation and Entrepreneurship (SINE) IIT Bombay,Chainworks Digital Private Limited,"Mumbai, Maharashtra",Healthcare,Mumbai,Maharashtra
Society for Innovation and Entrepreneurship (SINE) IIT Bombay,Whiteowl Healthcare Private Limited,"Hyderabad, Telangana",Healthcare,Hyderabad,Telangana
Society for Innovation and Entrepreneurship (SINE) IIT Bombay,Faucet Labs Private Limited,"Delhi, Delhi",FinTech,Delhi,Delhi
Society for Innovation and Entrepreneurship (SINE) IIT Bombay,Develop Train Maintain Llp,Ulhasnagar,CleanTech,Ulhasnagar,
Society for Innovation and Entrepreneurship (SINE) IIT Bombay,Incorporation yet to be done,,EduTech,,
Society for Innovation and Entrepreneurship (SINE) IIT Bombay,Cre-Aid Labs Pvt Ltd,"Bengaluru, Karnataka",Healthcare,Bengaluru,Karnataka
Society for Innovation and Entrepreneurship (SINE) IIT Bombay,Mclabs Pvt Ltd,"Mumbai, Maharashtra",Communications,Mumbai,Maharashtra
SR Foundation (SR Innovation Exchange),MHfictio Creations PVT LTD,Warangal,ICT & IoT,Warangal,Telangana
SR Foundation (SR Innovation Exchange),Varaha Innovation Studios and Technologies Pvt Ltd,"Hyderabad, Telangana",RetailTech,Hyderabad,Telangana
SR Foundation (SR Innovation Exchange),GARUDAASTRA Aeroinventive Solutions Private Limited,"Begumpet, Hyderabad, Telangana",Aerospace and Defense,Begumpet,"Hyderabad, Telangana"
SR Foundation (SR Innovation Exchange),Cloudchip Technologies Private Limited,"Hyderabad, Telangana",Information and Communication Technology,Hyderabad,Telangana
SR Foundation (SR Innovation Exchange),Viben QR Innovations,Warangal,Services,Warangal,Telangana
SR Foundation (SR Innovation Exchange),WarrantyMe,"Hyderabad, Telangana",Retail tech,Hyderabad,Telangana
SR Foundation (SR Innovation Exchange),Youcode Intelligence Solutions,"Chennai, Tamilnadu",EDTECH,Chennai,Tamilnadu
STEP - TIET Patiala,Monsys IoT,Patiala,Electronics and Waste water,Patiala,
STEP - TIET Patiala,Cruxeware Technologies LLP,"Saharanpur, Uttar Pradesh",Technology(AI),Saharanpur,Uttar Pradesh
STEP - TIET Patiala,Roschcrete Technologies Private Limited,"Jalandhar City, Punjab",Construction / Smart City,Jalandhar City,Punjab
STEP - TIET Patiala,Minus Zero Robotics Private Limited,Patiala,Autonomous Vehicles (AI & Robotics),Patiala,
STEP - TIET Patiala,Tensor Matics Pvt Ltd,Tensor Matics Pvt Ltd,AI - ML,Tensor Matics Pvt Ltd,
TIDES Business Incubator IIT Roorkee,NANOAI TECHNOLOGY,"TIDES Business Incubator, IIT Roorkee",Embedded Electronics,TIDES Business Incubator,IIT Roorkee
TIDES Business Incubator IIT Roorkee,ThermoPV solar private limited,"Delhi, Delhi",Renewable energy(Solar),Delhi,Delhi
TIDES Business Incubator IIT Roorkee,Virbhadra Implants Private Limited,Dehradun,Medical Device,Dehradun,Uttarakhand
TIDES Business Incubator IIT Roorkee,Fermentech Labs Pvt. Ltd.,Roorkee,Biotechnology,Roorkee,
TIDES Business Incubator IIT Roorkee,Powerzest Energy Solutions Pvt ltd,"Mumbai, Maharashtra",Renewable Energy,Mumbai,Maharashtra
TIDES Business Incubator IIT Roorkee,UNIURJA PRIVATE LIMITED,"PATNA, BIHAR",RENEWABLE ENERGY,PATNA,BIHAR
TIDES Business Incubator IIT Roorkee,Raikamal Bhattacharya,IIT Roorkee,Bioprocess and agriculture,IIT Roorkee,
TIDES Business Incubator IIT Roorkee,Biofluidics Innovation Pvt. Ltd,Roorkee,Healthcare,Roorkee,
"TIIC, ABV-IIITM, Gwalior",Identifying privacy risks due to contact tracing during COVID-19 and their mitigation,Gwalior,IT/Modeling,Gwalior,Madhya Pradesh
"TIIC, ABV-IIITM, Gwalior",IOT Based Smart Device to Implement Gesture Keyboard in the Light of COVID-19 Disease,Gwalior,IOT,Gwalior,Madhya Pradesh
"TIIC, ABV-IIITM, Gwalior",Virtual Lab on Data Structure and Algorithms,GWALIOR,AI,GWALIOR,Madhya Pradesh
"TIIC, ABV-IIITM, Gwalior",Development of IOT Based Smart isolation/ Quarantine Center to combat COVID-19,Gwalior,IOT,Gwalior,Madhya Pradesh
"TIIC, ABV-IIITM, Gwalior",SehatOne � Comprehensive Medical Analysis for Organizations,Gwalior,Healthcare,Gwalior,Madhya Pradesh
Vel Tech Technology Incubator,DHE4 Ventures Private Limited,"Chennai, Tamilnadu",Healthcare,Chennai,Tamilnadu
Vel Tech Technology Incubator,Kittivasal Technologies OPC Pvt Ltd,"Chennai, Tamilnadu",ITES,Chennai,Tamilnadu
Vel Tech Technology Incubator,Mirai Research Solutions,"Chennai, Tamilnadu",Energy,Chennai,Tamilnadu
Vel Tech Technology Incubator,SMBSURE BUSINESS SOLUTIONS PVT LTD,"Chennai, Tamilnadu",IoT,Chennai,Tamilnadu
VITTBI,Alfaleus Technology Private Limited,"Bengaluru, Karnataka",Medtech,Bengaluru,Karnataka
VITTBI,MR.Abhishek Kumar - company not incorporated (EiR -Foreclosed as of April 2021),Indore,IoT,Indore,Madhya Pradesh
VITTBI,Egarden Pvt Ltd,"Chennai, Tamilnadu",Agri tech,Chennai,Tamilnadu
VITTBI,RIVER RBEND DATA SOLUTIONS Pvt. Ltd,"Hyderabad, Telangana",Artificial intellegence - Health/MedTech,Hyderabad,Telangana
VITTBI,GREEN DOMAIN ENERGY SOLUTIONS (yet to incorporate),Kahalgaon Bihar,IOT based Renewable Energy management System,Kahalgaon Bihar,
VITTBI,Movio Technologies Pvt. Limited,Chattisgarh,EV,Chattisgarh,
VITTBI,TeraLumen Solutions Pvt. Ltd.,"Chennai, Tamilnadu",Medical Diagnostics and NDT,Chennai,Tamilnadu
VITTBI,Fat Cat Robotics Pvt Ltd,"Pune, Maharashtra",IoT,Pune,Maharashtra
VITTBI,ThoughtBit Technologies Pvt Ltd,"Chennai, Tamilnadu",Fintech,Chennai,Tamilnadu
VITTBI,Okulo Aerospace Private Limited,"Bengaluru, Karnataka","Aerospace & Defense, Robotics, AI & ML",Bengaluru,Karnataka
